{
  "train_rmse": 0.6695164217119436,
  "test_rmse": 0.7717007704524537,
  "training_time_seconds": 1698.6730031967163,
  "hyperparameters": {
    "n_factors": 100,
    "n_epochs": 20,
    "lr_all": 0.005,
    "reg_all": 0.02,
    "random_state": 42,
    "verbose": true
  },
  "target_rmse": 0.87,
  "success": true,
  "model_type": "SVD (Surprise)",
  "trained_on": "2025-10-24 20:25:04"
}